order_id,customer,product,category,pieces,due_date,current_stage,delay_probability,risk_level,suggested_workshop,estimated_completion_date,total_estimated_days
ORD-107,Northwind Apparel,Cardigan,TOPS,2000,2026-03-16,PACKING,0.993,HIGH,W5 (GiantWeave),2026-04-13,12.32
ORD-108,Harbor Knits,Scarf,ACCESSORIES,2000,2026-04-03,ASSEMBLY,0.993,HIGH,W2 (SteadyHands),2026-04-17,16.63
ORD-062,Bright Basics,Scarf,ACCESSORIES,2000,2026-04-08,KNITTING,0.993,HIGH,W2 (SteadyHands),2026-04-17,16.63
ORD-114,Northwind Apparel,Hoodie,TOPS,2000,2026-03-23,PACKING,0.98,HIGH,W5 (GiantWeave),2026-04-13,12.32
ORD-103,Bright Basics,Scarf,ACCESSORIES,2000,2026-04-04,ASSEMBLY,0.959,HIGH,W2 (SteadyHands),2026-04-17,16.63
ORD-120,TrendCart,Vest,TOPS,1500,2026-03-17,ASSEMBLY,0.949,HIGH,W5 (GiantWeave),2026-04-11,10.99
ORD-029,Northwind Apparel,Beanie,ACCESSORIES,1500,2026-04-01,WASHING,0.931,HIGH,W2 (SteadyHands),2026-04-14,13.6
ORD-083,Maple & Co,Hoodie,TOPS,1000,2026-03-23,WASHING,0.876,HIGH,W5 (GiantWeave),2026-04-10,9.66
ORD-055,Cotton Club,Crewneck sweater,TOPS,800,2026-03-31,ASSEMBLY,0.802,HIGH,W5 (GiantWeave),2026-04-10,9.13
ORD-081,Harbor Knits,Crewneck sweater,TOPS,1500,2026-04-13,ASSEMBLY,0.783,HIGH,W5 (GiantWeave),2026-04-11,10.99
ORD-020,TrendCart,Vest,TOPS,1200,2026-03-31,WASHING,0.744,HIGH,W5 (GiantWeave),2026-04-11,10.19
ORD-017,TrendCart,Cardigan,TOPS,800,2026-04-10,KNITTING,0.729,HIGH,W5 (GiantWeave),2026-04-10,9.13
ORD-099,Northwind Apparel,Polo shirt,TOPS,1500,2026-04-05,WASHING,0.66,HIGH,W5 (GiantWeave),2026-04-11,10.99
ORD-008,Loom & Leaf,Polo shirt,TOPS,600,2026-04-09,KNITTING,0.655,HIGH,W5 (GiantWeave),2026-04-09,8.6
ORD-053,UrbanThread,Polo shirt,TOPS,800,2026-04-10,ASSEMBLY,0.64,HIGH,W5 (GiantWeave),2026-04-10,9.13
ORD-002,Cotton Club,Crewneck sweater,TOPS,1000,2026-03-29,WASHING,0.626,HIGH,W5 (GiantWeave),2026-04-10,9.66
ORD-061,Harbor Knits,Scarf,ACCESSORIES,800,2026-04-05,WASHING,0.562,MEDIUM,W2 (SteadyHands),2026-04-10,9.35
ORD-040,Loom & Leaf,Hoodie,TOPS,1200,2026-04-21,KNITTING,0.561,MEDIUM,W5 (GiantWeave),2026-04-11,10.19
ORD-093,Maple & Co,Beanie,ACCESSORIES,100,2026-03-29,WASHING,0.54,MEDIUM,W2 (SteadyHands),2026-04-06,5.11
ORD-096,TrendCart,Beanie,ACCESSORIES,1000,2026-04-17,KNITTING,0.443,MEDIUM,W2 (SteadyHands),2026-04-11,10.56
ORD-045,Cotton Club,Vest,TOPS,150,2026-04-09,WASHING,0.265,LOW,W5 (GiantWeave),2026-04-08,7.4
ORD-024,Loom & Leaf,Vest,TOPS,300,2026-04-15,ASSEMBLY,0.228,LOW,W5 (GiantWeave),2026-04-08,7.8
ORD-010,Cotton Club,Cardigan,TOPS,1000,2026-04-25,KNITTING,0.207,LOW,W5 (GiantWeave),2026-04-10,9.66
ORD-036,UrbanThread,Scarf,ACCESSORIES,1000,2026-04-26,KNITTING,0.188,LOW,W2 (SteadyHands),2026-04-11,10.56
ORD-095,Bright Basics,Hoodie,TOPS,800,2026-04-26,KNITTING,0.185,LOW,W5 (GiantWeave),2026-04-10,9.13
ORD-015,UrbanThread,Vest,TOPS,300,2026-04-16,ASSEMBLY,0.163,LOW,W5 (GiantWeave),2026-04-08,7.8
ORD-005,TrendCart,Scarf,ACCESSORIES,500,2026-04-20,KNITTING,0.139,LOW,W2 (SteadyHands),2026-04-08,7.53
ORD-066,Northwind Apparel,Polo shirt,TOPS,1000,2026-04-26,ASSEMBLY,0.124,LOW,W5 (GiantWeave),2026-04-10,9.66
ORD-041,Harbor Knits,Beanie,ACCESSORIES,600,2026-04-21,WASHING,0.103,LOW,W2 (SteadyHands),2026-04-09,8.14
ORD-082,TrendCart,Beanie,ACCESSORIES,600,2026-05-01,KNITTING,0.071,LOW,W2 (SteadyHands),2026-04-09,8.14
ORD-073,Loom & Leaf,Hoodie,TOPS,400,2026-04-20,ASSEMBLY,0.07,LOW,W5 (GiantWeave),2026-04-09,8.06
ORD-109,Harbor Knits,Vest,TOPS,500,2026-04-13,WASHING,0.042,LOW,W5 (GiantWeave),2026-04-09,8.33
ORD-035,Loom & Leaf,Beanie,ACCESSORIES,300,2026-04-29,KNITTING,0.032,LOW,W2 (SteadyHands),2026-04-07,6.32
ORD-063,Loom & Leaf,Cardigan,TOPS,100,2026-04-29,KNITTING,0.017,LOW,W5 (GiantWeave),2026-04-08,7.27
